section,content
Prompt,"You are an emergency management advisor for Hualien County after Typhoon Fung-wong (November 2025). The Matai'an Creek barrier lake has overflowed, affecting the focused Week10 AOI around the barrier-lake corridor.

Based on these ARIA v7.0 sensor fusion results, generate a strategic briefing that covers:
1. Which areas require immediate evacuation?
2. How should resources be allocated between high-confidence and SAR-only zones?
3. What are the limitations of the current assessment?
4. What additional data would improve confidence?

Key metrics:
- High confidence flood area after topographic correction: 0.0003 km2
- SAR-only (cloudy) flood area after topographic correction: 0.0388 km2
- Optical-only flood area after topographic correction: 0.4071 km2
- False positives removed by slope filter: 1.3630 km2
- Cloud cover percentage over the AOI: 87.78%
- Final SAR threshold: -14 dB, chosen to keep weak flooded backscatter while morphological cleanup removes speckle fragments
- Final NDWI threshold: -0.05, tuned lower than the textbook 0.30 because the post-event water is muddy and most clear pixels have subdued optical contrast
"
AI response,"Strategic Briefing:
1. Immediate evacuation priority should focus on the compact flood corridor where any remaining SAR support survives the slope filter and on adjacent low-lying optical-only pockets. Even though the post-correction high-confidence area is small (0.0003 km2), it is the strongest multi-source signal in this AOI.
2. Field teams should split their effort: deploy rapid verification and possible access control to the SAR-only cloudy zones (0.0388 km2), while optical-only areas (0.4071 km2) receive secondary checks using road access, UAV imagery, or local reports. This keeps scarce resources pointed first at the pixels that still show flood evidence after steep-slope screening.
3. The main limitation is that cloud cover remains very high (87.78%), and the terrain filter is intentionally conservative. Because the DEM is a stable pre-disaster terrain source, some genuine narrow-valley flood pixels may have been downgraded along with false positives on steep slopes.
4. Confidence would improve most with post-event UAV or LiDAR elevation data, field GPS waterline observations, and a clearer optical revisit. A second SAR acquisition close in time would also help confirm whether the remaining SAR-only detections persist or fade.
"
My reflection,"The AI-style briefing matches the way the workflow actually behaves: it does not overstate the fused area, and it correctly treats the SAR-only pixels as rapid-verification targets rather than final truth. The most important nuance is that the slope filter is both useful and harsh, so the map after correction is safer for screening but may undercount flood evidence in steep terrain. Recomputing the optical-only baseline inside the same Week10 AOI also makes the final comparison much fairer than directly reusing the original HW9 full-study totals. For submission, this means the narrative now lines up with the outputs the notebook really generated."
